Date,Desc,Event,Location,Time
2022-11-07,,Citizenship Class Feldheym,"555 W Sixth St, San Bernardino, CA 92410, United States",1:00 PM
2022-11-07,,Rowe Homework Help,"108 E Marshall Blvd, San Bernardino, CA",4:00 PM
2022-11-07,,Villaseñor Homework Help,"525 N. Mt. Vernon Ave.San Bernardino, CA 92411",4:00 PM
2022-11-07,,Villaseñor Bingo,"525 N. Mt. Vernon Ave.San Bernardino, CA 92411",6:00 PM
2022-11-08,,Feldheym Conversation Class,"555 West 6th Street, San Bernardino, CA 92410",2:30 PM
2022-11-08,,Inghram Homework Help,"1505 W Highland Ave, San Bernardino, CA 92411",4:00 PM
2022-11-08,,Rowe Homework Help,"108 E Marshall Blvd, San Bernardino, CA",4:00 PM
2022-11-08,,Villaseñor Homework Help,"525 N. Mt. Vernon Ave.San Bernardino, CA 92411",4:00 PM
2022-11-08,Create something cute every week with Ms. Kat. ,Feldheym Arts and Crafts,"555 West 6th Street, San Bernardino, CA 92410",5:00 PM
2022-11-08,,Rowe Family Game Night,"108 E Marshall Blvd, San Bernardino, CA",5:30 PM
2022-11-09,,Villaseñor Pre-K Story Time,"525 N. Mt. Vernon Ave.San Bernardino, CA 92411",11:30 AM
2022-11-09,,Rowe Homework Help,"108 E Marshall Blvd, San Bernardino, CA",3:00 PM
2022-11-09,,Feldheym Homework Help,"555 W Sixth St, San Bernardino, CA 92410",3:00 PM
2022-11-09,,Inghram Fall Cupcake Decorating,"1505 W. Highland Ave. San Bernardino, CA 92411",4:00 PM
2022-11-10,,Feldheym Computer Class,"555 West 6th Street, San Bernardino, CA 92410",10:00 AM
2022-11-10,,Feldheym Story Time,"555 West 6th Street, San Bernardino, CA 92410",10:30 AM
2022-11-10,,Rowe Pre-K Story Time,"108 E. Marshall Blvd.San Bernardino, CA 92404",10:30 AM
2022-11-10,,Feldheym Homework Help,"555 W Sixth St, San Bernardino, CA 92410",3:00 PM
2022-11-10,,Rowe Homework Help,"108 E Marshall Blvd, San Bernardino, CA",3:00 PM
2022-11-10,,Villaseñor Family Story Time,"525 N. Mt. Vernon Ave.San Bernardino, CA 92411",4:00 PM
2022-11-12,,Inghram Pre-K Story Time,"1505 W. Highland Ave. San Bernardino, CA 92411",11:00 AM
2022-11-12,Enjoy a family-friendly movie at the library.,Villaseñor Movies at the Library,"525 N. Mt. Vernon Ave.San Bernardino, CA 92411",12:00 PM
2022-11-12,,Villaseñor Fall Festival,"525 N. Mt. Vernon Ave.San Bernardino, CA 92411",2:00 PM
2022-11-14,,Citizenship Class Feldheym,"555 W Sixth St, San Bernardino, CA 92410, United States",1:00 PM
2022-11-14,,Feldheym NaNoWriMo for Adults,"555 West 6th Street, San Bernardino, CA 92410",3:30 PM
2022-11-14,,Rowe Homework Help,"108 E Marshall Blvd, San Bernardino, CA",4:00 PM
2022-11-14,,Villaseñor Homework Help,"525 N. Mt. Vernon Ave.San Bernardino, CA 92411",4:00 PM
2022-11-14,,Villaseñor Bingo,"525 N. Mt. Vernon Ave.San Bernardino, CA 92411",6:00 PM
2022-11-14,,Rowe BINGO Night,"108 E Marshall Blvd, San Bernardino, CA",6:00 PM
2022-11-15,,Feldheym Conversation Class,"555 West 6th Street, San Bernardino, CA 92410",2:30 PM
2022-11-15,,Inghram Homework Help,"1505 W Highland Ave, San Bernardino, CA 92411",4:00 PM
2022-11-15,,Rowe Homework Help,"108 E Marshall Blvd, San Bernardino, CA",4:00 PM
2022-11-15,,Villaseñor Homework Help,"525 N. Mt. Vernon Ave.San Bernardino, CA 92411",4:00 PM
2022-11-15,,Feldheym Family Bingo,"555 W Sixth St, San Bernardino, CA 92410, United States",5:00 PM
2022-11-16,,Villaseñor Pre-K Story Time,"525 N. Mt. Vernon Ave.San Bernardino, CA 92411",11:30 AM
2022-11-16,,Rowe Homework Help,"108 E Marshall Blvd, San Bernardino, CA",3:00 PM
2022-11-16,,Feldheym Homework Help,"555 W Sixth St, San Bernardino, CA 92410",3:00 PM
2022-11-16,,Rowe NaNoWriMo Teen Writing Event,"108 E Marshall Blvd, San Bernardino, CA",4:00 PM
2022-11-16,,Inghram Game Night,"1505 W. Highland Ave. San Bernardino, CA 92411",4:00 PM
2022-11-17,,Feldheym Computer Class,"555 West 6th Street, San Bernardino, CA 92410",10:00 AM
2022-11-17,,Feldheym Story Time,"555 West 6th Street, San Bernardino, CA 92410",10:30 AM
2022-11-17,,Rowe Pre-K Story Time,"108 E. Marshall Blvd.San Bernardino, CA 92404",10:30 AM
2022-11-17,,Feldheym Homework Help,"555 W Sixth St, San Bernardino, CA 92410",3:00 PM
2022-11-17,,Rowe Homework Help,"108 E Marshall Blvd, San Bernardino, CA",3:00 PM
2022-11-17,,Villaseñor Family Story Time,"525 N. Mt. Vernon Ave.San Bernardino, CA 92411",4:00 PM
2022-11-19,,Inghram Pre-K Story Time,"1505 W. Highland Ave. San Bernardino, CA 92411",11:00 AM
2022-11-19,Enjoy a family-friendly movie at the library.,Villaseñor Movies at the Library,"525 N. Mt. Vernon Ave.San Bernardino, CA 92411",12:00 PM
2022-11-19,,Feldheym Mystery Authors Demystify Writing and Publishing,"555 W Sixth St, San Bernardino, CA 92410, United States",1:00 PM
2022-11-19,,Rowe National Gaming at the Library Day,"108 E Marshall Blvd, San Bernardino, CA",3:30 PM
2022-11-21,,Citizenship Class Feldheym,"555 W Sixth St, San Bernardino, CA 92410, United States",1:00 PM
2022-11-21,,Villaseñor Bingo,"525 N. Mt. Vernon Ave.San Bernardino, CA 92411",6:00 PM
2022-11-22,,Feldheym Conversation Class,"555 West 6th Street, San Bernardino, CA 92410",2:30 PM
2022-11-22,Create something cute every week with Ms. Kat. ,Feldheym Arts and Crafts,"555 West 6th Street, San Bernardino, CA 92410",5:00 PM
2022-11-23,,Villaseñor Pre-K Story Time,"525 N. Mt. Vernon Ave.San Bernardino, CA 92411",11:30 AM
2022-11-28,,Citizenship Class Feldheym,"555 W Sixth St, San Bernardino, CA 92410, United States",1:00 PM
2022-11-28,,Rowe Homework Help,"108 E Marshall Blvd, San Bernardino, CA",4:00 PM
2022-11-28,,Villaseñor Homework Help,"525 N. Mt. Vernon Ave.San Bernardino, CA 92411",4:00 PM
2022-11-28,,Villaseñor Bingo,"525 N. Mt. Vernon Ave.San Bernardino, CA 92411",6:00 PM
2022-11-29,,Feldheym Conversation Class,"555 West 6th Street, San Bernardino, CA 92410",2:30 PM
2022-11-29,,Inghram Homework Help,"1505 W Highland Ave, San Bernardino, CA 92411",4:00 PM
2022-11-29,,Rowe Homework Help,"108 E Marshall Blvd, San Bernardino, CA",4:00 PM
2022-11-29,,Villaseñor Homework Help,"525 N. Mt. Vernon Ave.San Bernardino, CA 92411",4:00 PM
2022-11-29,,Rowe BINGO Night,"108 E Marshall Blvd, San Bernardino, CA",6:00 PM
2022-11-30,,Villaseñor Pre-K Story Time,"525 N. Mt. Vernon Ave.San Bernardino, CA 92411",11:30 AM
2022-11-30,,Rowe Homework Help,"108 E Marshall Blvd, San Bernardino, CA",3:00 PM
2022-11-30,,Feldheym Homework Help,"555 W Sixth St, San Bernardino, CA 92410",3:00 PM
2022-11-30,,Inghram Movie Night,"1505 W. Highland Ave. San Bernardino, CA 92411",4:00 PM
2022-12-01,,Feldheym Computer Class,"555 West 6th Street, San Bernardino, CA 92410",10:00 AM
2022-12-01,,Feldheym Story Time,"555 West 6th Street, San Bernardino, CA 92410",10:30 AM
2022-12-01,,Rowe Pre-K Story Time,"108 E. Marshall Blvd.San Bernardino, CA 92404",10:30 AM
2022-12-01,,Feldheym Homework Help,"555 W Sixth St, San Bernardino, CA 92410",3:00 PM
2022-12-01,,Rowe Homework Help,"108 E Marshall Blvd, San Bernardino, CA",3:00 PM
2022-12-01,,Villaseñor Family Story Time,"525 N. Mt. Vernon Ave.San Bernardino, CA 92411",4:00 PM
2022-12-03,,Inghram Pre-K Story Time,"1505 W. Highland Ave. San Bernardino, CA 92411",11:00 AM
2022-12-03,Come watch a family-friendly film at the library. ,Feldheym Movie,"555 W Sixth St, San Bernardino, CA 92410, United States",11:00 AM
2022-12-03,Enjoy a family-friendly movie at the library.,Villaseñor Movies at the Library,"525 N. Mt. Vernon Ave.San Bernardino, CA 92411",12:00 PM
2022-12-05,,Citizenship Class Feldheym,"555 W Sixth St, San Bernardino, CA 92410, United States",1:00 PM
2022-12-05,,Rowe Homework Help,"108 E Marshall Blvd, San Bernardino, CA",4:00 PM
2022-12-05,,Villaseñor Homework Help,"525 N. Mt. Vernon Ave.San Bernardino, CA 92411",4:00 PM
2022-12-05,,Villaseñor Bingo,"525 N. Mt. Vernon Ave.San Bernardino, CA 92411",6:00 PM
2022-12-06,,Feldheym Conversation Class,"555 West 6th Street, San Bernardino, CA 92410",2:30 PM
2022-12-06,,Inghram Homework Help,"1505 W Highland Ave, San Bernardino, CA 92411",4:00 PM
2022-12-06,,Rowe Homework Help,"108 E Marshall Blvd, San Bernardino, CA",4:00 PM
2022-12-06,,Villaseñor Homework Help,"525 N. Mt. Vernon Ave.San Bernardino, CA 92411",4:00 PM
2022-12-07,,Villaseñor Pre-K Story Time,"525 N. Mt. Vernon Ave.San Bernardino, CA 92411",11:30 AM
2022-12-07,,Rowe Homework Help,"108 E Marshall Blvd, San Bernardino, CA",3:00 PM
2022-12-07,,Feldheym Homework Help,"555 W Sixth St, San Bernardino, CA 92410",3:00 PM
2022-12-08,,Feldheym Computer Class,"555 West 6th Street, San Bernardino, CA 92410",10:00 AM
2022-12-08,,Feldheym Story Time,"555 West 6th Street, San Bernardino, CA 92410",10:30 AM
2022-12-08,,Rowe Pre-K Story Time,"108 E. Marshall Blvd.San Bernardino, CA 92404",10:30 AM
2022-12-08,,Feldheym Homework Help,"555 W Sixth St, San Bernardino, CA 92410",3:00 PM
2022-12-08,,Rowe Homework Help,"108 E Marshall Blvd, San Bernardino, CA",3:00 PM
2022-12-08,,Villaseñor Family Story Time,"525 N. Mt. Vernon Ave.San Bernardino, CA 92411",4:00 PM
2022-12-10,,Inghram Pre-K Story Time,"1505 W. Highland Ave. San Bernardino, CA 92411",11:00 AM
2022-12-10,Come watch a family-friendly film at the library. ,Feldheym Movie,"555 W Sixth St, San Bernardino, CA 92410, United States",11:00 AM
2022-12-10,Enjoy a family-friendly movie at the library.,Villaseñor Movies at the Library,"525 N. Mt. Vernon Ave.San Bernardino, CA 92411",12:00 PM
2022-12-10,,Feldheym Gift Wrapping Party,"555 West 6th Street, San Bernardino, CA 92410",3:30 PM
2022-12-12,,Citizenship Class Feldheym,"555 W Sixth St, San Bernardino, CA 92410, United States",1:00 PM
2022-12-12,,Rowe Homework Help,"108 E Marshall Blvd, San Bernardino, CA",4:00 PM
2022-12-12,,Villaseñor Homework Help,"525 N. Mt. Vernon Ave.San Bernardino, CA 92411",4:00 PM
2022-12-12,,Villaseñor Bingo,"525 N. Mt. Vernon Ave.San Bernardino, CA 92411",6:00 PM
2022-12-13,,Feldheym Conversation Class,"555 West 6th Street, San Bernardino, CA 92410",2:30 PM
2022-12-13,,Inghram Homework Help,"1505 W Highland Ave, San Bernardino, CA 92411",4:00 PM
2022-12-13,,Rowe Homework Help,"108 E Marshall Blvd, San Bernardino, CA",4:00 PM
2022-12-13,,Villaseñor Homework Help,"525 N. Mt. Vernon Ave.San Bernardino, CA 92411",4:00 PM
2022-12-13,Create something cute every week with Ms. Kat. ,Feldheym Arts and Crafts,"555 West 6th Street, San Bernardino, CA 92410",5:00 PM
2022-12-14,,Villaseñor Pre-K Story Time,"525 N. Mt. Vernon Ave.San Bernardino, CA 92411",11:30 AM
2022-12-14,,Rowe Homework Help,"108 E Marshall Blvd, San Bernardino, CA",3:00 PM
2022-12-14,,Feldheym Homework Help,"555 W Sixth St, San Bernardino, CA 92410",3:00 PM
2022-12-15,,Feldheym Computer Class,"555 West 6th Street, San Bernardino, CA 92410",10:00 AM
2022-12-15,,Feldheym Story Time,"555 West 6th Street, San Bernardino, CA 92410",10:30 AM
2022-12-15,,Rowe Pre-K Story Time,"108 E. Marshall Blvd.San Bernardino, CA 92404",10:30 AM
2022-12-15,,Feldheym Homework Help,"555 W Sixth St, San Bernardino, CA 92410",3:00 PM
2022-12-15,,Rowe Homework Help,"108 E Marshall Blvd, San Bernardino, CA",3:00 PM
2022-12-15,,Villaseñor Family Story Time,"525 N. Mt. Vernon Ave.San Bernardino, CA 92411",4:00 PM
2022-12-17,,Inghram Pre-K Story Time,"1505 W. Highland Ave. San Bernardino, CA 92411",11:00 AM
2022-12-17,Come watch a family-friendly film at the library. ,Feldheym Movie,"555 W Sixth St, San Bernardino, CA 92410, United States",11:00 AM
2022-12-17,Enjoy a family-friendly movie at the library.,Villaseñor Movies at the Library,"525 N. Mt. Vernon Ave.San Bernardino, CA 92411",12:00 PM
2022-12-19,,Citizenship Class Feldheym,"555 W Sixth St, San Bernardino, CA 92410, United States",1:00 PM
2022-12-19,,Rowe Homework Help,"108 E Marshall Blvd, San Bernardino, CA",4:00 PM
2022-12-19,,Villaseñor Homework Help,"525 N. Mt. Vernon Ave.San Bernardino, CA 92411",4:00 PM
2022-12-19,,Villaseñor Bingo,"525 N. Mt. Vernon Ave.San Bernardino, CA 92411",6:00 PM
2022-12-20,,Feldheym Conversation Class,"555 West 6th Street, San Bernardino, CA 92410",2:30 PM
2022-12-20,,Inghram Homework Help,"1505 W Highland Ave, San Bernardino, CA 92411",4:00 PM
2022-12-20,,Rowe Homework Help,"108 E Marshall Blvd, San Bernardino, CA",4:00 PM
2022-12-20,,Villaseñor Homework Help,"525 N. Mt. Vernon Ave.San Bernardino, CA 92411",4:00 PM
2022-12-20,,Feldheym Family Bingo,"555 W Sixth St, San Bernardino, CA 92410, United States",5:00 PM
2022-12-21,,Villaseñor Pre-K Story Time,"525 N. Mt. Vernon Ave.San Bernardino, CA 92411",11:30 AM
2022-12-21,,Rowe Homework Help,"108 E Marshall Blvd, San Bernardino, CA",3:00 PM
2022-12-21,,Feldheym Homework Help,"555 W Sixth St, San Bernardino, CA 92410",3:00 PM
2022-12-22,,Feldheym Computer Class,"555 West 6th Street, San Bernardino, CA 92410",10:00 AM
2022-12-22,,Feldheym Story Time,"555 West 6th Street, San Bernardino, CA 92410",10:30 AM
2022-12-22,,Rowe Pre-K Story Time,"108 E. Marshall Blvd.San Bernardino, CA 92404",10:30 AM
2022-12-22,,Feldheym Homework Help,"555 W Sixth St, San Bernardino, CA 92410",3:00 PM
2022-12-22,,Rowe Homework Help,"108 E Marshall Blvd, San Bernardino, CA",3:00 PM
2022-12-22,,Villaseñor Family Story Time,"525 N. Mt. Vernon Ave.San Bernardino, CA 92411",4:00 PM
2022-12-27,,Feldheym Conversation Class,"555 West 6th Street, San Bernardino, CA 92410",2:30 PM
2022-12-27,,Inghram Homework Help,"1505 W Highland Ave, San Bernardino, CA 92411",4:00 PM
2022-12-27,,Rowe Homework Help,"108 E Marshall Blvd, San Bernardino, CA",4:00 PM
2022-12-27,,Villaseñor Homework Help,"525 N. Mt. Vernon Ave.San Bernardino, CA 92411",4:00 PM
2022-12-27,Create something cute every week with Ms. Kat. ,Feldheym Arts and Crafts,"555 West 6th Street, San Bernardino, CA 92410",5:00 PM
2022-12-28,,Villaseñor Pre-K Story Time,"525 N. Mt. Vernon Ave.San Bernardino, CA 92411",11:30 AM
2022-12-28,,Rowe Homework Help,"108 E Marshall Blvd, San Bernardino, CA",3:00 PM
2022-12-28,,Feldheym Homework Help,"555 W Sixth St, San Bernardino, CA 92410",3:00 PM
2022-12-29,,Feldheym Computer Class,"555 West 6th Street, San Bernardino, CA 92410",10:00 AM
2022-12-29,,Feldheym Story Time,"555 West 6th Street, San Bernardino, CA 92410",10:30 AM
2022-12-29,,Rowe Pre-K Story Time,"108 E. Marshall Blvd.San Bernardino, CA 92404",10:30 AM
2022-12-29,,Feldheym Homework Help,"555 W Sixth St, San Bernardino, CA 92410",3:00 PM
2022-12-29,,Rowe Homework Help,"108 E Marshall Blvd, San Bernardino, CA",3:00 PM
2022-12-29,,Villaseñor Family Story Time,"525 N. Mt. Vernon Ave.San Bernardino, CA 92411",4:00 PM
2022-12-31,,Inghram Pre-K Story Time,"1505 W. Highland Ave. San Bernardino, CA 92411",11:00 AM
2022-12-31,Come watch a family-friendly film at the library. ,Feldheym Movie,"555 W Sixth St, San Bernardino, CA 92410, United States",11:00 AM
2022-12-31,Enjoy a family-friendly movie at the library.,Villaseñor Movies at the Library,"525 N. Mt. Vernon Ave.San Bernardino, CA 92411",12:00 PM
2023-01-02,,Citizenship Class Feldheym,"555 W Sixth St, San Bernardino, CA 92410, United States",1:00 PM
2023-01-02,,Rowe Homework Help,"108 E Marshall Blvd, San Bernardino, CA",4:00 PM
2023-01-02,,Villaseñor Homework Help,"525 N. Mt. Vernon Ave.San Bernardino, CA 92411",4:00 PM
2023-01-02,,Villaseñor Bingo,"525 N. Mt. Vernon Ave.San Bernardino, CA 92411",6:00 PM
2023-01-03,,Feldheym Conversation Class,"555 West 6th Street, San Bernardino, CA 92410",2:30 PM
2023-01-03,,Inghram Homework Help,"1505 W Highland Ave, San Bernardino, CA 92411",4:00 PM
2023-01-03,,Rowe Homework Help,"108 E Marshall Blvd, San Bernardino, CA",4:00 PM
2023-01-03,,Villaseñor Homework Help,"525 N. Mt. Vernon Ave.San Bernardino, CA 92411",4:00 PM
2023-01-04,,Villaseñor Pre-K Story Time,"525 N. Mt. Vernon Ave.San Bernardino, CA 92411",11:30 AM
2023-01-04,,Rowe Homework Help,"108 E Marshall Blvd, San Bernardino, CA",3:00 PM
2023-01-04,,Feldheym Homework Help,"555 W Sixth St, San Bernardino, CA 92410",3:00 PM
2023-01-05,,Feldheym Computer Class,"555 West 6th Street, San Bernardino, CA 92410",10:00 AM
2023-01-05,,Feldheym Story Time,"555 West 6th Street, San Bernardino, CA 92410",10:30 AM
2023-01-05,,Rowe Pre-K Story Time,"108 E. Marshall Blvd.San Bernardino, CA 92404",10:30 AM
2023-01-05,,Feldheym Homework Help,"555 W Sixth St, San Bernardino, CA 92410",3:00 PM
2023-01-05,,Rowe Homework Help,"108 E Marshall Blvd, San Bernardino, CA",3:00 PM
2023-01-05,,Villaseñor Family Story Time,"525 N. Mt. Vernon Ave.San Bernardino, CA 92411",4:00 PM
2023-01-07,,Inghram Pre-K Story Time,"1505 W. Highland Ave. San Bernardino, CA 92411",11:00 AM
2023-01-07,Come watch a family-friendly film at the library. ,Feldheym Movie,"555 W Sixth St, San Bernardino, CA 92410, United States",11:00 AM
2023-01-07,Enjoy a family-friendly movie at the library.,Villaseñor Movies at the Library,"525 N. Mt. Vernon Ave.San Bernardino, CA 92411",12:00 PM
2023-01-09,,Citizenship Class Feldheym,"555 W Sixth St, San Bernardino, CA 92410, United States",1:00 PM
2023-01-09,,Rowe Homework Help,"108 E Marshall Blvd, San Bernardino, CA",4:00 PM
2023-01-09,,Villaseñor Homework Help,"525 N. Mt. Vernon Ave.San Bernardino, CA 92411",4:00 PM
2023-01-09,,Villaseñor Bingo,"525 N. Mt. Vernon Ave.San Bernardino, CA 92411",6:00 PM
2023-01-10,,Feldheym Conversation Class,"555 West 6th Street, San Bernardino, CA 92410",2:30 PM
2023-01-10,,Inghram Homework Help,"1505 W Highland Ave, San Bernardino, CA 92411",4:00 PM
2023-01-10,,Rowe Homework Help,"108 E Marshall Blvd, San Bernardino, CA",4:00 PM
2023-01-10,,Villaseñor Homework Help,"525 N. Mt. Vernon Ave.San Bernardino, CA 92411",4:00 PM
2023-01-10,Create something cute every week with Ms. Kat. ,Feldheym Arts and Crafts,"555 West 6th Street, San Bernardino, CA 92410",5:00 PM
2023-01-11,,Villaseñor Pre-K Story Time,"525 N. Mt. Vernon Ave.San Bernardino, CA 92411",11:30 AM
2023-01-11,,Rowe Homework Help,"108 E Marshall Blvd, San Bernardino, CA",3:00 PM
2023-01-11,,Feldheym Homework Help,"555 W Sixth St, San Bernardino, CA 92410",3:00 PM
2023-01-12,,Feldheym Computer Class,"555 West 6th Street, San Bernardino, CA 92410",10:00 AM
2023-01-12,,Feldheym Story Time,"555 West 6th Street, San Bernardino, CA 92410",10:30 AM
2023-01-12,,Rowe Pre-K Story Time,"108 E. Marshall Blvd.San Bernardino, CA 92404",10:30 AM
2023-01-12,,Feldheym Homework Help,"555 W Sixth St, San Bernardino, CA 92410",3:00 PM
2023-01-12,,Rowe Homework Help,"108 E Marshall Blvd, San Bernardino, CA",3:00 PM
2023-01-12,,Villaseñor Family Story Time,"525 N. Mt. Vernon Ave.San Bernardino, CA 92411",4:00 PM
2023-01-14,,Inghram Pre-K Story Time,"1505 W. Highland Ave. San Bernardino, CA 92411",11:00 AM
2023-01-14,Come watch a family-friendly film at the library. ,Feldheym Movie,"555 W Sixth St, San Bernardino, CA 92410, United States",11:00 AM
2023-01-14,Enjoy a family-friendly movie at the library.,Villaseñor Movies at the Library,"525 N. Mt. Vernon Ave.San Bernardino, CA 92411",12:00 PM
2023-01-16,,Citizenship Class Feldheym,"555 W Sixth St, San Bernardino, CA 92410, United States",1:00 PM
2023-01-16,,Rowe Homework Help,"108 E Marshall Blvd, San Bernardino, CA",4:00 PM
2023-01-16,,Villaseñor Homework Help,"525 N. Mt. Vernon Ave.San Bernardino, CA 92411",4:00 PM
2023-01-16,,Villaseñor Bingo,"525 N. Mt. Vernon Ave.San Bernardino, CA 92411",6:00 PM
2023-01-17,,Feldheym Conversation Class,"555 West 6th Street, San Bernardino, CA 92410",2:30 PM
2023-01-17,,Inghram Homework Help,"1505 W Highland Ave, San Bernardino, CA 92411",4:00 PM
2023-01-17,,Rowe Homework Help,"108 E Marshall Blvd, San Bernardino, CA",4:00 PM
2023-01-17,,Villaseñor Homework Help,"525 N. Mt. Vernon Ave.San Bernardino, CA 92411",4:00 PM
2023-01-17,,Feldheym Family Bingo,"555 W Sixth St, San Bernardino, CA 92410, United States",5:00 PM
2023-01-18,,Villaseñor Pre-K Story Time,"525 N. Mt. Vernon Ave.San Bernardino, CA 92411",11:30 AM
2023-01-18,,Rowe Homework Help,"108 E Marshall Blvd, San Bernardino, CA",3:00 PM
2023-01-18,,Feldheym Homework Help,"555 W Sixth St, San Bernardino, CA 92410",3:00 PM
2023-01-19,,Feldheym Computer Class,"555 West 6th Street, San Bernardino, CA 92410",10:00 AM
2023-01-19,,Feldheym Story Time,"555 West 6th Street, San Bernardino, CA 92410",10:30 AM
2023-01-19,,Rowe Pre-K Story Time,"108 E. Marshall Blvd.San Bernardino, CA 92404",10:30 AM
2023-01-19,,Feldheym Homework Help,"555 W Sixth St, San Bernardino, CA 92410",3:00 PM
2023-01-19,,Rowe Homework Help,"108 E Marshall Blvd, San Bernardino, CA",3:00 PM
2023-01-19,,Villaseñor Family Story Time,"525 N. Mt. Vernon Ave.San Bernardino, CA 92411",4:00 PM
2023-01-21,,Inghram Pre-K Story Time,"1505 W. Highland Ave. San Bernardino, CA 92411",11:00 AM
2023-01-21,Come watch a family-friendly film at the library. ,Feldheym Movie,"555 W Sixth St, San Bernardino, CA 92410, United States",11:00 AM
2023-01-21,Enjoy a family-friendly movie at the library.,Villaseñor Movies at the Library,"525 N. Mt. Vernon Ave.San Bernardino, CA 92411",12:00 PM
2023-01-23,,Citizenship Class Feldheym,"555 W Sixth St, San Bernardino, CA 92410, United States",1:00 PM
2023-01-23,,Rowe Homework Help,"108 E Marshall Blvd, San Bernardino, CA",4:00 PM
2023-01-23,,Villaseñor Homework Help,"525 N. Mt. Vernon Ave.San Bernardino, CA 92411",4:00 PM
2023-01-23,,Villaseñor Bingo,"525 N. Mt. Vernon Ave.San Bernardino, CA 92411",6:00 PM
2023-01-24,,Feldheym Conversation Class,"555 West 6th Street, San Bernardino, CA 92410",2:30 PM
2023-01-24,,Inghram Homework Help,"1505 W Highland Ave, San Bernardino, CA 92411",4:00 PM
2023-01-24,,Rowe Homework Help,"108 E Marshall Blvd, San Bernardino, CA",4:00 PM
2023-01-24,,Villaseñor Homework Help,"525 N. Mt. Vernon Ave.San Bernardino, CA 92411",4:00 PM
2023-01-24,Create something cute every week with Ms. Kat. ,Feldheym Arts and Crafts,"555 West 6th Street, San Bernardino, CA 92410",5:00 PM
2023-01-25,,Villaseñor Pre-K Story Time,"525 N. Mt. Vernon Ave.San Bernardino, CA 92411",11:30 AM
2023-01-25,,Rowe Homework Help,"108 E Marshall Blvd, San Bernardino, CA",3:00 PM
2023-01-25,,Feldheym Homework Help,"555 W Sixth St, San Bernardino, CA 92410",3:00 PM
2023-01-26,,Feldheym Computer Class,"555 West 6th Street, San Bernardino, CA 92410",10:00 AM
2023-01-26,,Feldheym Story Time,"555 West 6th Street, San Bernardino, CA 92410",10:30 AM
2023-01-26,,Rowe Pre-K Story Time,"108 E. Marshall Blvd.San Bernardino, CA 92404",10:30 AM
2023-01-26,,Feldheym Homework Help,"555 W Sixth St, San Bernardino, CA 92410",3:00 PM
2023-01-26,,Rowe Homework Help,"108 E Marshall Blvd, San Bernardino, CA",3:00 PM
2023-01-26,,Villaseñor Family Story Time,"525 N. Mt. Vernon Ave.San Bernardino, CA 92411",4:00 PM
2023-01-28,,Inghram Pre-K Story Time,"1505 W. Highland Ave. San Bernardino, CA 92411",11:00 AM
2023-01-28,Come watch a family-friendly film at the library. ,Feldheym Movie,"555 W Sixth St, San Bernardino, CA 92410, United States",11:00 AM
2023-01-28,Enjoy a family-friendly movie at the library.,Villaseñor Movies at the Library,"525 N. Mt. Vernon Ave.San Bernardino, CA 92411",12:00 PM
2023-01-30,,Citizenship Class Feldheym,"555 W Sixth St, San Bernardino, CA 92410, United States",1:00 PM
2023-01-30,,Rowe Homework Help,"108 E Marshall Blvd, San Bernardino, CA",4:00 PM
2023-01-30,,Villaseñor Homework Help,"525 N. Mt. Vernon Ave.San Bernardino, CA 92411",4:00 PM
2023-01-30,,Villaseñor Bingo,"525 N. Mt. Vernon Ave.San Bernardino, CA 92411",6:00 PM
2023-01-31,,Feldheym Conversation Class,"555 West 6th Street, San Bernardino, CA 92410",2:30 PM
2023-01-31,,Inghram Homework Help,"1505 W Highland Ave, San Bernardino, CA 92411",4:00 PM
2023-01-31,,Rowe Homework Help,"108 E Marshall Blvd, San Bernardino, CA",4:00 PM
2023-01-31,,Villaseñor Homework Help,"525 N. Mt. Vernon Ave.San Bernardino, CA 92411",4:00 PM
2023-02-01,,Villaseñor Pre-K Story Time,"525 N. Mt. Vernon Ave.San Bernardino, CA 92411",11:30 AM
2023-02-01,,Rowe Homework Help,"108 E Marshall Blvd, San Bernardino, CA",3:00 PM
2023-02-01,,Feldheym Homework Help,"555 W Sixth St, San Bernardino, CA 92410",3:00 PM
2023-02-02,,Feldheym Computer Class,"555 West 6th Street, San Bernardino, CA 92410",10:00 AM
2023-02-02,,Feldheym Story Time,"555 West 6th Street, San Bernardino, CA 92410",10:30 AM
2023-02-02,,Rowe Pre-K Story Time,"108 E. Marshall Blvd.San Bernardino, CA 92404",10:30 AM
2023-02-02,,Feldheym Homework Help,"555 W Sixth St, San Bernardino, CA 92410",3:00 PM
2023-02-02,,Rowe Homework Help,"108 E Marshall Blvd, San Bernardino, CA",3:00 PM
2023-02-02,,Villaseñor Family Story Time,"525 N. Mt. Vernon Ave.San Bernardino, CA 92411",4:00 PM
2023-02-04,,Inghram Pre-K Story Time,"1505 W. Highland Ave. San Bernardino, CA 92411",11:00 AM
2023-02-04,Come watch a family-friendly film at the library. ,Feldheym Movie,"555 W Sixth St, San Bernardino, CA 92410, United States",11:00 AM
2023-02-04,Enjoy a family-friendly movie at the library.,Villaseñor Movies at the Library,"525 N. Mt. Vernon Ave.San Bernardino, CA 92411",12:00 PM
2023-02-06,,Citizenship Class Feldheym,"555 W Sixth St, San Bernardino, CA 92410, United States",1:00 PM
2023-02-06,,Rowe Homework Help,"108 E Marshall Blvd, San Bernardino, CA",4:00 PM
2023-02-06,,Villaseñor Homework Help,"525 N. Mt. Vernon Ave.San Bernardino, CA 92411",4:00 PM
2023-02-06,,Villaseñor Bingo,"525 N. Mt. Vernon Ave.San Bernardino, CA 92411",6:00 PM
2023-02-07,,Feldheym Conversation Class,"555 West 6th Street, San Bernardino, CA 92410",2:30 PM
2023-02-07,,Inghram Homework Help,"1505 W Highland Ave, San Bernardino, CA 92411",4:00 PM
2023-02-07,,Rowe Homework Help,"108 E Marshall Blvd, San Bernardino, CA",4:00 PM
2023-02-07,,Villaseñor Homework Help,"525 N. Mt. Vernon Ave.San Bernardino, CA 92411",4:00 PM
2023-02-08,,Villaseñor Pre-K Story Time,"525 N. Mt. Vernon Ave.San Bernardino, CA 92411",11:30 AM
2023-02-08,,Rowe Homework Help,"108 E Marshall Blvd, San Bernardino, CA",3:00 PM
2023-02-08,,Feldheym Homework Help,"555 W Sixth St, San Bernardino, CA 92410",3:00 PM
2023-02-09,,Feldheym Computer Class,"555 West 6th Street, San Bernardino, CA 92410",10:00 AM
2023-02-09,,Feldheym Story Time,"555 West 6th Street, San Bernardino, CA 92410",10:30 AM
2023-02-09,,Rowe Pre-K Story Time,"108 E. Marshall Blvd.San Bernardino, CA 92404",10:30 AM
2023-02-09,,Feldheym Homework Help,"555 W Sixth St, San Bernardino, CA 92410",3:00 PM
2023-02-09,,Rowe Homework Help,"108 E Marshall Blvd, San Bernardino, CA",3:00 PM
2023-02-09,,Villaseñor Family Story Time,"525 N. Mt. Vernon Ave.San Bernardino, CA 92411",4:00 PM
2023-02-11,,Inghram Pre-K Story Time,"1505 W. Highland Ave. San Bernardino, CA 92411",11:00 AM
2023-02-11,Come watch a family-friendly film at the library. ,Feldheym Movie,"555 W Sixth St, San Bernardino, CA 92410, United States",11:00 AM
2023-02-11,Enjoy a family-friendly movie at the library.,Villaseñor Movies at the Library,"525 N. Mt. Vernon Ave.San Bernardino, CA 92411",12:00 PM
2023-02-13,,Citizenship Class Feldheym,"555 W Sixth St, San Bernardino, CA 92410, United States",1:00 PM
2023-02-13,,Rowe Homework Help,"108 E Marshall Blvd, San Bernardino, CA",4:00 PM
2023-02-13,,Villaseñor Homework Help,"525 N. Mt. Vernon Ave.San Bernardino, CA 92411",4:00 PM
2023-02-13,,Villaseñor Bingo,"525 N. Mt. Vernon Ave.San Bernardino, CA 92411",6:00 PM
2023-02-14,,Feldheym Conversation Class,"555 West 6th Street, San Bernardino, CA 92410",2:30 PM
2023-02-14,,Inghram Homework Help,"1505 W Highland Ave, San Bernardino, CA 92411",4:00 PM
2023-02-14,,Rowe Homework Help,"108 E Marshall Blvd, San Bernardino, CA",4:00 PM
2023-02-14,,Villaseñor Homework Help,"525 N. Mt. Vernon Ave.San Bernardino, CA 92411",4:00 PM
2023-02-14,Create something cute every week with Ms. Kat. ,Feldheym Arts and Crafts,"555 West 6th Street, San Bernardino, CA 92410",5:00 PM
2023-02-15,,Villaseñor Pre-K Story Time,"525 N. Mt. Vernon Ave.San Bernardino, CA 92411",11:30 AM
2023-02-15,,Rowe Homework Help,"108 E Marshall Blvd, San Bernardino, CA",3:00 PM
2023-02-15,,Feldheym Homework Help,"555 W Sixth St, San Bernardino, CA 92410",3:00 PM
2023-02-16,,Feldheym Computer Class,"555 West 6th Street, San Bernardino, CA 92410",10:00 AM
2023-02-16,,Feldheym Story Time,"555 West 6th Street, San Bernardino, CA 92410",10:30 AM
2023-02-16,,Rowe Pre-K Story Time,"108 E. Marshall Blvd.San Bernardino, CA 92404",10:30 AM
2023-02-16,,Feldheym Homework Help,"555 W Sixth St, San Bernardino, CA 92410",3:00 PM
2023-02-16,,Rowe Homework Help,"108 E Marshall Blvd, San Bernardino, CA",3:00 PM
2023-02-16,,Villaseñor Family Story Time,"525 N. Mt. Vernon Ave.San Bernardino, CA 92411",4:00 PM
2023-02-18,,Inghram Pre-K Story Time,"1505 W. Highland Ave. San Bernardino, CA 92411",11:00 AM
2023-02-18,Come watch a family-friendly film at the library. ,Feldheym Movie,"555 W Sixth St, San Bernardino, CA 92410, United States",11:00 AM
2023-02-18,Enjoy a family-friendly movie at the library.,Villaseñor Movies at the Library,"525 N. Mt. Vernon Ave.San Bernardino, CA 92411",12:00 PM
2023-02-20,,Citizenship Class Feldheym,"555 W Sixth St, San Bernardino, CA 92410, United States",1:00 PM
2023-02-20,,Rowe Homework Help,"108 E Marshall Blvd, San Bernardino, CA",4:00 PM
2023-02-20,,Villaseñor Homework Help,"525 N. Mt. Vernon Ave.San Bernardino, CA 92411",4:00 PM
2023-02-20,,Villaseñor Bingo,"525 N. Mt. Vernon Ave.San Bernardino, CA 92411",6:00 PM
2023-02-21,,Feldheym Conversation Class,"555 West 6th Street, San Bernardino, CA 92410",2:30 PM
2023-02-21,,Inghram Homework Help,"1505 W Highland Ave, San Bernardino, CA 92411",4:00 PM
2023-02-21,,Rowe Homework Help,"108 E Marshall Blvd, San Bernardino, CA",4:00 PM
2023-02-21,,Villaseñor Homework Help,"525 N. Mt. Vernon Ave.San Bernardino, CA 92411",4:00 PM
2023-02-21,,Feldheym Family Bingo,"555 W Sixth St, San Bernardino, CA 92410, United States",5:00 PM
2023-02-22,,Villaseñor Pre-K Story Time,"525 N. Mt. Vernon Ave.San Bernardino, CA 92411",11:30 AM
2023-02-22,,Rowe Homework Help,"108 E Marshall Blvd, San Bernardino, CA",3:00 PM
2023-02-22,,Feldheym Homework Help,"555 W Sixth St, San Bernardino, CA 92410",3:00 PM
2023-02-23,,Feldheym Computer Class,"555 West 6th Street, San Bernardino, CA 92410",10:00 AM
2023-02-23,,Feldheym Story Time,"555 West 6th Street, San Bernardino, CA 92410",10:30 AM
2023-02-23,,Rowe Pre-K Story Time,"108 E. Marshall Blvd.San Bernardino, CA 92404",10:30 AM
2023-02-23,,Feldheym Homework Help,"555 W Sixth St, San Bernardino, CA 92410",3:00 PM
2023-02-23,,Rowe Homework Help,"108 E Marshall Blvd, San Bernardino, CA",3:00 PM
2023-02-23,,Villaseñor Family Story Time,"525 N. Mt. Vernon Ave.San Bernardino, CA 92411",4:00 PM
2023-02-25,,Inghram Pre-K Story Time,"1505 W. Highland Ave. San Bernardino, CA 92411",11:00 AM
2023-02-25,Come watch a family-friendly film at the library. ,Feldheym Movie,"555 W Sixth St, San Bernardino, CA 92410, United States",11:00 AM
2023-02-25,Enjoy a family-friendly movie at the library.,Villaseñor Movies at the Library,"525 N. Mt. Vernon Ave.San Bernardino, CA 92411",12:00 PM
2023-02-27,,Citizenship Class Feldheym,"555 W Sixth St, San Bernardino, CA 92410, United States",1:00 PM
2023-02-27,,Rowe Homework Help,"108 E Marshall Blvd, San Bernardino, CA",4:00 PM
2023-02-27,,Villaseñor Homework Help,"525 N. Mt. Vernon Ave.San Bernardino, CA 92411",4:00 PM
2023-02-27,,Villaseñor Bingo,"525 N. Mt. Vernon Ave.San Bernardino, CA 92411",6:00 PM
2023-02-28,,Feldheym Conversation Class,"555 West 6th Street, San Bernardino, CA 92410",2:30 PM
2023-02-28,,Inghram Homework Help,"1505 W Highland Ave, San Bernardino, CA 92411",4:00 PM
2023-02-28,,Rowe Homework Help,"108 E Marshall Blvd, San Bernardino, CA",4:00 PM
2023-02-28,,Villaseñor Homework Help,"525 N. Mt. Vernon Ave.San Bernardino, CA 92411",4:00 PM
2023-02-28,Create something cute every week with Ms. Kat. ,Feldheym Arts and Crafts,"555 West 6th Street, San Bernardino, CA 92410",5:00 PM
2023-03-01,,Villaseñor Pre-K Story Time,"525 N. Mt. Vernon Ave.San Bernardino, CA 92411",11:30 AM
2023-03-01,,Rowe Homework Help,"108 E Marshall Blvd, San Bernardino, CA",3:00 PM
2023-03-01,,Feldheym Homework Help,"555 W Sixth St, San Bernardino, CA 92410",3:00 PM
2023-03-02,,Feldheym Computer Class,"555 West 6th Street, San Bernardino, CA 92410",10:00 AM
2023-03-02,,Feldheym Story Time,"555 West 6th Street, San Bernardino, CA 92410",10:30 AM
2023-03-02,,Rowe Pre-K Story Time,"108 E. Marshall Blvd.San Bernardino, CA 92404",10:30 AM
2023-03-02,,Feldheym Homework Help,"555 W Sixth St, San Bernardino, CA 92410",3:00 PM
2023-03-02,,Rowe Homework Help,"108 E Marshall Blvd, San Bernardino, CA",3:00 PM
2023-03-02,,Villaseñor Family Story Time,"525 N. Mt. Vernon Ave.San Bernardino, CA 92411",4:00 PM
2023-03-04,,Inghram Pre-K Story Time,"1505 W. Highland Ave. San Bernardino, CA 92411",11:00 AM
2023-03-04,Come watch a family-friendly film at the library. ,Feldheym Movie,"555 W Sixth St, San Bernardino, CA 92410, United States",11:00 AM
2023-03-04,Enjoy a family-friendly movie at the library.,Villaseñor Movies at the Library,"525 N. Mt. Vernon Ave.San Bernardino, CA 92411",12:00 PM
2023-03-06,,Citizenship Class Feldheym,"555 W Sixth St, San Bernardino, CA 92410, United States",1:00 PM
2023-03-06,,Rowe Homework Help,"108 E Marshall Blvd, San Bernardino, CA",4:00 PM
2023-03-06,,Villaseñor Homework Help,"525 N. Mt. Vernon Ave.San Bernardino, CA 92411",4:00 PM
2023-03-06,,Villaseñor Bingo,"525 N. Mt. Vernon Ave.San Bernardino, CA 92411",6:00 PM
2023-03-07,,Feldheym Conversation Class,"555 West 6th Street, San Bernardino, CA 92410",2:30 PM
2023-03-07,,Inghram Homework Help,"1505 W Highland Ave, San Bernardino, CA 92411",4:00 PM
2023-03-07,,Rowe Homework Help,"108 E Marshall Blvd, San Bernardino, CA",4:00 PM
2023-03-07,,Villaseñor Homework Help,"525 N. Mt. Vernon Ave.San Bernardino, CA 92411",4:00 PM
2023-03-08,,Villaseñor Pre-K Story Time,"525 N. Mt. Vernon Ave.San Bernardino, CA 92411",11:30 AM
2023-03-08,,Rowe Homework Help,"108 E Marshall Blvd, San Bernardino, CA",3:00 PM
2023-03-08,,Feldheym Homework Help,"555 W Sixth St, San Bernardino, CA 92410",3:00 PM
2023-03-09,,Feldheym Computer Class,"555 West 6th Street, San Bernardino, CA 92410",10:00 AM
2023-03-09,,Feldheym Story Time,"555 West 6th Street, San Bernardino, CA 92410",10:30 AM
2023-03-09,,Rowe Pre-K Story Time,"108 E. Marshall Blvd.San Bernardino, CA 92404",10:30 AM
2023-03-09,,Feldheym Homework Help,"555 W Sixth St, San Bernardino, CA 92410",3:00 PM
2023-03-09,,Rowe Homework Help,"108 E Marshall Blvd, San Bernardino, CA",3:00 PM
2023-03-09,,Villaseñor Family Story Time,"525 N. Mt. Vernon Ave.San Bernardino, CA 92411",4:00 PM
2023-03-11,,Inghram Pre-K Story Time,"1505 W. Highland Ave. San Bernardino, CA 92411",11:00 AM
2023-03-11,Come watch a family-friendly film at the library. ,Feldheym Movie,"555 W Sixth St, San Bernardino, CA 92410, United States",11:00 AM
2023-03-11,Enjoy a family-friendly movie at the library.,Villaseñor Movies at the Library,"525 N. Mt. Vernon Ave.San Bernardino, CA 92411",12:00 PM
2023-03-13,,Citizenship Class Feldheym,"555 W Sixth St, San Bernardino, CA 92410, United States",1:00 PM
2023-03-13,,Rowe Homework Help,"108 E Marshall Blvd, San Bernardino, CA",4:00 PM
2023-03-13,,Villaseñor Homework Help,"525 N. Mt. Vernon Ave.San Bernardino, CA 92411",4:00 PM
2023-03-13,,Villaseñor Bingo,"525 N. Mt. Vernon Ave.San Bernardino, CA 92411",6:00 PM
2023-03-14,,Feldheym Conversation Class,"555 West 6th Street, San Bernardino, CA 92410",2:30 PM
2023-03-14,,Inghram Homework Help,"1505 W Highland Ave, San Bernardino, CA 92411",4:00 PM
2023-03-14,,Rowe Homework Help,"108 E Marshall Blvd, San Bernardino, CA",4:00 PM
2023-03-14,,Villaseñor Homework Help,"525 N. Mt. Vernon Ave.San Bernardino, CA 92411",4:00 PM
2023-03-14,Create something cute every week with Ms. Kat. ,Feldheym Arts and Crafts,"555 West 6th Street, San Bernardino, CA 92410",5:00 PM
2023-03-15,,Villaseñor Pre-K Story Time,"525 N. Mt. Vernon Ave.San Bernardino, CA 92411",11:30 AM
2023-03-15,,Rowe Homework Help,"108 E Marshall Blvd, San Bernardino, CA",3:00 PM
2023-03-15,,Feldheym Homework Help,"555 W Sixth St, San Bernardino, CA 92410",3:00 PM
2023-03-16,,Feldheym Computer Class,"555 West 6th Street, San Bernardino, CA 92410",10:00 AM
2023-03-16,,Feldheym Story Time,"555 West 6th Street, San Bernardino, CA 92410",10:30 AM
2023-03-16,,Rowe Pre-K Story Time,"108 E. Marshall Blvd.San Bernardino, CA 92404",10:30 AM
2023-03-16,,Feldheym Homework Help,"555 W Sixth St, San Bernardino, CA 92410",3:00 PM
2023-03-16,,Rowe Homework Help,"108 E Marshall Blvd, San Bernardino, CA",3:00 PM
2023-03-16,,Villaseñor Family Story Time,"525 N. Mt. Vernon Ave.San Bernardino, CA 92411",4:00 PM
2023-03-18,,Inghram Pre-K Story Time,"1505 W. Highland Ave. San Bernardino, CA 92411",11:00 AM
2023-03-18,Come watch a family-friendly film at the library. ,Feldheym Movie,"555 W Sixth St, San Bernardino, CA 92410, United States",11:00 AM
2023-03-18,Enjoy a family-friendly movie at the library.,Villaseñor Movies at the Library,"525 N. Mt. Vernon Ave.San Bernardino, CA 92411",12:00 PM
2023-03-20,,Citizenship Class Feldheym,"555 W Sixth St, San Bernardino, CA 92410, United States",1:00 PM
2023-03-20,,Rowe Homework Help,"108 E Marshall Blvd, San Bernardino, CA",4:00 PM
2023-03-20,,Villaseñor Homework Help,"525 N. Mt. Vernon Ave.San Bernardino, CA 92411",4:00 PM
2023-03-20,,Villaseñor Bingo,"525 N. Mt. Vernon Ave.San Bernardino, CA 92411",6:00 PM
2023-03-21,,Feldheym Conversation Class,"555 West 6th Street, San Bernardino, CA 92410",2:30 PM
2023-03-21,,Inghram Homework Help,"1505 W Highland Ave, San Bernardino, CA 92411",4:00 PM
2023-03-21,,Rowe Homework Help,"108 E Marshall Blvd, San Bernardino, CA",4:00 PM
2023-03-21,,Villaseñor Homework Help,"525 N. Mt. Vernon Ave.San Bernardino, CA 92411",4:00 PM
2023-03-21,,Feldheym Family Bingo,"555 W Sixth St, San Bernardino, CA 92410, United States",5:00 PM
2023-03-22,,Villaseñor Pre-K Story Time,"525 N. Mt. Vernon Ave.San Bernardino, CA 92411",11:30 AM
2023-03-22,,Rowe Homework Help,"108 E Marshall Blvd, San Bernardino, CA",3:00 PM
2023-03-22,,Feldheym Homework Help,"555 W Sixth St, San Bernardino, CA 92410",3:00 PM
2023-03-23,,Feldheym Computer Class,"555 West 6th Street, San Bernardino, CA 92410",10:00 AM
2023-03-23,,Feldheym Story Time,"555 West 6th Street, San Bernardino, CA 92410",10:30 AM
2023-03-23,,Rowe Pre-K Story Time,"108 E. Marshall Blvd.San Bernardino, CA 92404",10:30 AM
2023-03-23,,Feldheym Homework Help,"555 W Sixth St, San Bernardino, CA 92410",3:00 PM
2023-03-23,,Rowe Homework Help,"108 E Marshall Blvd, San Bernardino, CA",3:00 PM
2023-03-23,,Villaseñor Family Story Time,"525 N. Mt. Vernon Ave.San Bernardino, CA 92411",4:00 PM
2023-03-25,,Inghram Pre-K Story Time,"1505 W. Highland Ave. San Bernardino, CA 92411",11:00 AM
2023-03-25,Come watch a family-friendly film at the library. ,Feldheym Movie,"555 W Sixth St, San Bernardino, CA 92410, United States",11:00 AM
2023-03-25,Enjoy a family-friendly movie at the library.,Villaseñor Movies at the Library,"525 N. Mt. Vernon Ave.San Bernardino, CA 92411",12:00 PM
2023-03-27,,Citizenship Class Feldheym,"555 W Sixth St, San Bernardino, CA 92410, United States",1:00 PM
2023-03-27,,Rowe Homework Help,"108 E Marshall Blvd, San Bernardino, CA",4:00 PM
2023-03-27,,Villaseñor Homework Help,"525 N. Mt. Vernon Ave.San Bernardino, CA 92411",4:00 PM
2023-03-27,,Villaseñor Bingo,"525 N. Mt. Vernon Ave.San Bernardino, CA 92411",6:00 PM
2023-03-28,,Feldheym Conversation Class,"555 West 6th Street, San Bernardino, CA 92410",2:30 PM
2023-03-28,,Inghram Homework Help,"1505 W Highland Ave, San Bernardino, CA 92411",4:00 PM
2023-03-28,,Rowe Homework Help,"108 E Marshall Blvd, San Bernardino, CA",4:00 PM
2023-03-28,,Villaseñor Homework Help,"525 N. Mt. Vernon Ave.San Bernardino, CA 92411",4:00 PM
2023-03-28,Create something cute every week with Ms. Kat. ,Feldheym Arts and Crafts,"555 West 6th Street, San Bernardino, CA 92410",5:00 PM
2023-03-29,,Villaseñor Pre-K Story Time,"525 N. Mt. Vernon Ave.San Bernardino, CA 92411",11:30 AM
2023-03-29,,Rowe Homework Help,"108 E Marshall Blvd, San Bernardino, CA",3:00 PM
2023-03-29,,Feldheym Homework Help,"555 W Sixth St, San Bernardino, CA 92410",3:00 PM
2023-03-30,,Feldheym Computer Class,"555 West 6th Street, San Bernardino, CA 92410",10:00 AM
2023-03-30,,Feldheym Story Time,"555 West 6th Street, San Bernardino, CA 92410",10:30 AM
2023-03-30,,Rowe Pre-K Story Time,"108 E. Marshall Blvd.San Bernardino, CA 92404",10:30 AM
2023-03-30,,Feldheym Homework Help,"555 W Sixth St, San Bernardino, CA 92410",3:00 PM
2023-03-30,,Rowe Homework Help,"108 E Marshall Blvd, San Bernardino, CA",3:00 PM
2023-03-30,,Villaseñor Family Story Time,"525 N. Mt. Vernon Ave.San Bernardino, CA 92411",4:00 PM
2023-04-01,,Inghram Pre-K Story Time,"1505 W. Highland Ave. San Bernardino, CA 92411",11:00 AM
2023-04-01,Come watch a family-friendly film at the library. ,Feldheym Movie,"555 W Sixth St, San Bernardino, CA 92410, United States",11:00 AM
2023-04-01,Enjoy a family-friendly movie at the library.,Villaseñor Movies at the Library,"525 N. Mt. Vernon Ave.San Bernardino, CA 92411",12:00 PM
2023-04-03,,Citizenship Class Feldheym,"555 W Sixth St, San Bernardino, CA 92410, United States",1:00 PM
2023-04-03,,Rowe Homework Help,"108 E Marshall Blvd, San Bernardino, CA",4:00 PM
2023-04-03,,Villaseñor Homework Help,"525 N. Mt. Vernon Ave.San Bernardino, CA 92411",4:00 PM
2023-04-03,,Villaseñor Bingo,"525 N. Mt. Vernon Ave.San Bernardino, CA 92411",6:00 PM
2023-04-04,,Feldheym Conversation Class,"555 West 6th Street, San Bernardino, CA 92410",2:30 PM
2023-04-04,,Inghram Homework Help,"1505 W Highland Ave, San Bernardino, CA 92411",4:00 PM
2023-04-04,,Rowe Homework Help,"108 E Marshall Blvd, San Bernardino, CA",4:00 PM
2023-04-04,,Villaseñor Homework Help,"525 N. Mt. Vernon Ave.San Bernardino, CA 92411",4:00 PM
2023-04-05,,Villaseñor Pre-K Story Time,"525 N. Mt. Vernon Ave.San Bernardino, CA 92411",11:30 AM
2023-04-05,,Rowe Homework Help,"108 E Marshall Blvd, San Bernardino, CA",3:00 PM
2023-04-05,,Feldheym Homework Help,"555 W Sixth St, San Bernardino, CA 92410",3:00 PM
2023-04-06,,Feldheym Computer Class,"555 West 6th Street, San Bernardino, CA 92410",10:00 AM
2023-04-06,,Feldheym Story Time,"555 West 6th Street, San Bernardino, CA 92410",10:30 AM
2023-04-06,,Rowe Pre-K Story Time,"108 E. Marshall Blvd.San Bernardino, CA 92404",10:30 AM
2023-04-06,,Feldheym Homework Help,"555 W Sixth St, San Bernardino, CA 92410",3:00 PM
2023-04-06,,Rowe Homework Help,"108 E Marshall Blvd, San Bernardino, CA",3:00 PM
2023-04-06,,Villaseñor Family Story Time,"525 N. Mt. Vernon Ave.San Bernardino, CA 92411",4:00 PM
2023-04-08,,Inghram Pre-K Story Time,"1505 W. Highland Ave. San Bernardino, CA 92411",11:00 AM
2023-04-08,Come watch a family-friendly film at the library. ,Feldheym Movie,"555 W Sixth St, San Bernardino, CA 92410, United States",11:00 AM
2023-04-08,Enjoy a family-friendly movie at the library.,Villaseñor Movies at the Library,"525 N. Mt. Vernon Ave.San Bernardino, CA 92411",12:00 PM
2023-04-10,,Citizenship Class Feldheym,"555 W Sixth St, San Bernardino, CA 92410, United States",1:00 PM
2023-04-10,,Rowe Homework Help,"108 E Marshall Blvd, San Bernardino, CA",4:00 PM
2023-04-10,,Villaseñor Homework Help,"525 N. Mt. Vernon Ave.San Bernardino, CA 92411",4:00 PM
2023-04-10,,Villaseñor Bingo,"525 N. Mt. Vernon Ave.San Bernardino, CA 92411",6:00 PM
2023-04-11,,Feldheym Conversation Class,"555 West 6th Street, San Bernardino, CA 92410",2:30 PM
2023-04-11,,Inghram Homework Help,"1505 W Highland Ave, San Bernardino, CA 92411",4:00 PM
2023-04-11,,Rowe Homework Help,"108 E Marshall Blvd, San Bernardino, CA",4:00 PM
2023-04-11,,Villaseñor Homework Help,"525 N. Mt. Vernon Ave.San Bernardino, CA 92411",4:00 PM
2023-04-11,Create something cute every week with Ms. Kat. ,Feldheym Arts and Crafts,"555 West 6th Street, San Bernardino, CA 92410",5:00 PM
2023-04-12,,Villaseñor Pre-K Story Time,"525 N. Mt. Vernon Ave.San Bernardino, CA 92411",11:30 AM
2023-04-12,,Rowe Homework Help,"108 E Marshall Blvd, San Bernardino, CA",3:00 PM
2023-04-12,,Feldheym Homework Help,"555 W Sixth St, San Bernardino, CA 92410",3:00 PM
2023-04-13,,Feldheym Computer Class,"555 West 6th Street, San Bernardino, CA 92410",10:00 AM
2023-04-13,,Feldheym Story Time,"555 West 6th Street, San Bernardino, CA 92410",10:30 AM
2023-04-13,,Rowe Pre-K Story Time,"108 E. Marshall Blvd.San Bernardino, CA 92404",10:30 AM
2023-04-13,,Feldheym Homework Help,"555 W Sixth St, San Bernardino, CA 92410",3:00 PM
2023-04-13,,Rowe Homework Help,"108 E Marshall Blvd, San Bernardino, CA",3:00 PM
2023-04-13,,Villaseñor Family Story Time,"525 N. Mt. Vernon Ave.San Bernardino, CA 92411",4:00 PM
2023-04-15,,Inghram Pre-K Story Time,"1505 W. Highland Ave. San Bernardino, CA 92411",11:00 AM
2023-04-15,Come watch a family-friendly film at the library. ,Feldheym Movie,"555 W Sixth St, San Bernardino, CA 92410, United States",11:00 AM
2023-04-15,Enjoy a family-friendly movie at the library.,Villaseñor Movies at the Library,"525 N. Mt. Vernon Ave.San Bernardino, CA 92411",12:00 PM
2023-04-17,,Citizenship Class Feldheym,"555 W Sixth St, San Bernardino, CA 92410, United States",1:00 PM
2023-04-17,,Rowe Homework Help,"108 E Marshall Blvd, San Bernardino, CA",4:00 PM
2023-04-17,,Villaseñor Homework Help,"525 N. Mt. Vernon Ave.San Bernardino, CA 92411",4:00 PM
2023-04-17,,Villaseñor Bingo,"525 N. Mt. Vernon Ave.San Bernardino, CA 92411",6:00 PM
2023-04-18,,Feldheym Conversation Class,"555 West 6th Street, San Bernardino, CA 92410",2:30 PM
2023-04-18,,Inghram Homework Help,"1505 W Highland Ave, San Bernardino, CA 92411",4:00 PM
2023-04-18,,Rowe Homework Help,"108 E Marshall Blvd, San Bernardino, CA",4:00 PM
2023-04-18,,Villaseñor Homework Help,"525 N. Mt. Vernon Ave.San Bernardino, CA 92411",4:00 PM
2023-04-18,,Feldheym Family Bingo,"555 W Sixth St, San Bernardino, CA 92410, United States",5:00 PM
2023-04-19,,Villaseñor Pre-K Story Time,"525 N. Mt. Vernon Ave.San Bernardino, CA 92411",11:30 AM
2023-04-19,,Rowe Homework Help,"108 E Marshall Blvd, San Bernardino, CA",3:00 PM
2023-04-19,,Feldheym Homework Help,"555 W Sixth St, San Bernardino, CA 92410",3:00 PM
2023-04-20,,Feldheym Computer Class,"555 West 6th Street, San Bernardino, CA 92410",10:00 AM
2023-04-20,,Feldheym Story Time,"555 West 6th Street, San Bernardino, CA 92410",10:30 AM
2023-04-20,,Rowe Pre-K Story Time,"108 E. Marshall Blvd.San Bernardino, CA 92404",10:30 AM
2023-04-20,,Feldheym Homework Help,"555 W Sixth St, San Bernardino, CA 92410",3:00 PM
2023-04-20,,Rowe Homework Help,"108 E Marshall Blvd, San Bernardino, CA",3:00 PM
2023-04-20,,Villaseñor Family Story Time,"525 N. Mt. Vernon Ave.San Bernardino, CA 92411",4:00 PM
2023-04-22,,Inghram Pre-K Story Time,"1505 W. Highland Ave. San Bernardino, CA 92411",11:00 AM
2023-04-22,Come watch a family-friendly film at the library. ,Feldheym Movie,"555 W Sixth St, San Bernardino, CA 92410, United States",11:00 AM
2023-04-22,Enjoy a family-friendly movie at the library.,Villaseñor Movies at the Library,"525 N. Mt. Vernon Ave.San Bernardino, CA 92411",12:00 PM
2023-04-24,,Citizenship Class Feldheym,"555 W Sixth St, San Bernardino, CA 92410, United States",1:00 PM
2023-04-24,,Rowe Homework Help,"108 E Marshall Blvd, San Bernardino, CA",4:00 PM
2023-04-24,,Villaseñor Homework Help,"525 N. Mt. Vernon Ave.San Bernardino, CA 92411",4:00 PM
2023-04-24,,Villaseñor Bingo,"525 N. Mt. Vernon Ave.San Bernardino, CA 92411",6:00 PM
2023-04-25,,Feldheym Conversation Class,"555 West 6th Street, San Bernardino, CA 92410",2:30 PM
2023-04-25,,Inghram Homework Help,"1505 W Highland Ave, San Bernardino, CA 92411",4:00 PM
2023-04-25,,Rowe Homework Help,"108 E Marshall Blvd, San Bernardino, CA",4:00 PM
2023-04-25,,Villaseñor Homework Help,"525 N. Mt. Vernon Ave.San Bernardino, CA 92411",4:00 PM
2023-04-25,Create something cute every week with Ms. Kat. ,Feldheym Arts and Crafts,"555 West 6th Street, San Bernardino, CA 92410",5:00 PM
2023-04-26,,Villaseñor Pre-K Story Time,"525 N. Mt. Vernon Ave.San Bernardino, CA 92411",11:30 AM
2023-04-26,,Rowe Homework Help,"108 E Marshall Blvd, San Bernardino, CA",3:00 PM
2023-04-26,,Feldheym Homework Help,"555 W Sixth St, San Bernardino, CA 92410",3:00 PM
2023-04-27,,Feldheym Computer Class,"555 West 6th Street, San Bernardino, CA 92410",10:00 AM
2023-04-27,,Feldheym Story Time,"555 West 6th Street, San Bernardino, CA 92410",10:30 AM
2023-04-27,,Rowe Pre-K Story Time,"108 E. Marshall Blvd.San Bernardino, CA 92404",10:30 AM
2023-04-27,,Feldheym Homework Help,"555 W Sixth St, San Bernardino, CA 92410",3:00 PM
2023-04-27,,Rowe Homework Help,"108 E Marshall Blvd, San Bernardino, CA",3:00 PM
2023-04-27,,Villaseñor Family Story Time,"525 N. Mt. Vernon Ave.San Bernardino, CA 92411",4:00 PM
2023-04-29,,Inghram Pre-K Story Time,"1505 W. Highland Ave. San Bernardino, CA 92411",11:00 AM
2023-04-29,Come watch a family-friendly film at the library. ,Feldheym Movie,"555 W Sixth St, San Bernardino, CA 92410, United States",11:00 AM
2023-04-29,Enjoy a family-friendly movie at the library.,Villaseñor Movies at the Library,"525 N. Mt. Vernon Ave.San Bernardino, CA 92411",12:00 PM
2023-05-01,,Citizenship Class Feldheym,"555 W Sixth St, San Bernardino, CA 92410, United States",1:00 PM
2023-05-01,,Rowe Homework Help,"108 E Marshall Blvd, San Bernardino, CA",4:00 PM
2023-05-01,,Villaseñor Homework Help,"525 N. Mt. Vernon Ave.San Bernardino, CA 92411",4:00 PM
2023-05-01,,Villaseñor Bingo,"525 N. Mt. Vernon Ave.San Bernardino, CA 92411",6:00 PM
2023-05-02,,Feldheym Conversation Class,"555 West 6th Street, San Bernardino, CA 92410",2:30 PM
2023-05-02,,Inghram Homework Help,"1505 W Highland Ave, San Bernardino, CA 92411",4:00 PM
2023-05-02,,Rowe Homework Help,"108 E Marshall Blvd, San Bernardino, CA",4:00 PM
2023-05-02,,Villaseñor Homework Help,"525 N. Mt. Vernon Ave.San Bernardino, CA 92411",4:00 PM
2023-05-03,,Villaseñor Pre-K Story Time,"525 N. Mt. Vernon Ave.San Bernardino, CA 92411",11:30 AM
2023-05-03,,Rowe Homework Help,"108 E Marshall Blvd, San Bernardino, CA",3:00 PM
2023-05-03,,Feldheym Homework Help,"555 W Sixth St, San Bernardino, CA 92410",3:00 PM
2023-05-04,,Feldheym Computer Class,"555 West 6th Street, San Bernardino, CA 92410",10:00 AM
2023-05-04,,Feldheym Story Time,"555 West 6th Street, San Bernardino, CA 92410",10:30 AM
2023-05-04,,Rowe Pre-K Story Time,"108 E. Marshall Blvd.San Bernardino, CA 92404",10:30 AM
2023-05-04,,Feldheym Homework Help,"555 W Sixth St, San Bernardino, CA 92410",3:00 PM
2023-05-04,,Rowe Homework Help,"108 E Marshall Blvd, San Bernardino, CA",3:00 PM
2023-05-04,,Villaseñor Family Story Time,"525 N. Mt. Vernon Ave.San Bernardino, CA 92411",4:00 PM
2023-05-06,,Inghram Pre-K Story Time,"1505 W. Highland Ave. San Bernardino, CA 92411",11:00 AM
2023-05-06,Come watch a family-friendly film at the library. ,Feldheym Movie,"555 W Sixth St, San Bernardino, CA 92410, United States",11:00 AM
2023-05-06,Enjoy a family-friendly movie at the library.,Villaseñor Movies at the Library,"525 N. Mt. Vernon Ave.San Bernardino, CA 92411",12:00 PM
2023-05-08,,Citizenship Class Feldheym,"555 W Sixth St, San Bernardino, CA 92410, United States",1:00 PM
2023-05-08,,Rowe Homework Help,"108 E Marshall Blvd, San Bernardino, CA",4:00 PM
2023-05-08,,Villaseñor Homework Help,"525 N. Mt. Vernon Ave.San Bernardino, CA 92411",4:00 PM
2023-05-08,,Villaseñor Bingo,"525 N. Mt. Vernon Ave.San Bernardino, CA 92411",6:00 PM
2023-05-09,,Feldheym Conversation Class,"555 West 6th Street, San Bernardino, CA 92410",2:30 PM
2023-05-09,,Inghram Homework Help,"1505 W Highland Ave, San Bernardino, CA 92411",4:00 PM
2023-05-09,,Rowe Homework Help,"108 E Marshall Blvd, San Bernardino, CA",4:00 PM
2023-05-09,,Villaseñor Homework Help,"525 N. Mt. Vernon Ave.San Bernardino, CA 92411",4:00 PM
2023-05-09,Create something cute every week with Ms. Kat. ,Feldheym Arts and Crafts,"555 West 6th Street, San Bernardino, CA 92410",5:00 PM
2023-05-10,,Villaseñor Pre-K Story Time,"525 N. Mt. Vernon Ave.San Bernardino, CA 92411",11:30 AM
2023-05-10,,Rowe Homework Help,"108 E Marshall Blvd, San Bernardino, CA",3:00 PM
2023-05-10,,Feldheym Homework Help,"555 W Sixth St, San Bernardino, CA 92410",3:00 PM
2023-05-11,,Feldheym Computer Class,"555 West 6th Street, San Bernardino, CA 92410",10:00 AM
2023-05-11,,Feldheym Story Time,"555 West 6th Street, San Bernardino, CA 92410",10:30 AM
2023-05-11,,Rowe Pre-K Story Time,"108 E. Marshall Blvd.San Bernardino, CA 92404",10:30 AM
2023-05-11,,Feldheym Homework Help,"555 W Sixth St, San Bernardino, CA 92410",3:00 PM
2023-05-11,,Rowe Homework Help,"108 E Marshall Blvd, San Bernardino, CA",3:00 PM
2023-05-11,,Villaseñor Family Story Time,"525 N. Mt. Vernon Ave.San Bernardino, CA 92411",4:00 PM
2023-05-13,,Inghram Pre-K Story Time,"1505 W. Highland Ave. San Bernardino, CA 92411",11:00 AM
2023-05-13,Come watch a family-friendly film at the library. ,Feldheym Movie,"555 W Sixth St, San Bernardino, CA 92410, United States",11:00 AM
2023-05-13,Enjoy a family-friendly movie at the library.,Villaseñor Movies at the Library,"525 N. Mt. Vernon Ave.San Bernardino, CA 92411",12:00 PM
2023-05-15,,Citizenship Class Feldheym,"555 W Sixth St, San Bernardino, CA 92410, United States",1:00 PM
2023-05-15,,Rowe Homework Help,"108 E Marshall Blvd, San Bernardino, CA",4:00 PM
2023-05-15,,Villaseñor Homework Help,"525 N. Mt. Vernon Ave.San Bernardino, CA 92411",4:00 PM
2023-05-15,,Villaseñor Bingo,"525 N. Mt. Vernon Ave.San Bernardino, CA 92411",6:00 PM
2023-05-16,,Feldheym Conversation Class,"555 West 6th Street, San Bernardino, CA 92410",2:30 PM
2023-05-16,,Inghram Homework Help,"1505 W Highland Ave, San Bernardino, CA 92411",4:00 PM
2023-05-16,,Rowe Homework Help,"108 E Marshall Blvd, San Bernardino, CA",4:00 PM
2023-05-16,,Villaseñor Homework Help,"525 N. Mt. Vernon Ave.San Bernardino, CA 92411",4:00 PM
2023-05-16,,Feldheym Family Bingo,"555 W Sixth St, San Bernardino, CA 92410, United States",5:00 PM
2023-05-17,,Villaseñor Pre-K Story Time,"525 N. Mt. Vernon Ave.San Bernardino, CA 92411",11:30 AM
2023-05-17,,Rowe Homework Help,"108 E Marshall Blvd, San Bernardino, CA",3:00 PM
2023-05-17,,Feldheym Homework Help,"555 W Sixth St, San Bernardino, CA 92410",3:00 PM
2023-05-18,,Feldheym Computer Class,"555 West 6th Street, San Bernardino, CA 92410",10:00 AM
2023-05-18,,Feldheym Story Time,"555 West 6th Street, San Bernardino, CA 92410",10:30 AM
2023-05-18,,Rowe Pre-K Story Time,"108 E. Marshall Blvd.San Bernardino, CA 92404",10:30 AM
2023-05-18,,Feldheym Homework Help,"555 W Sixth St, San Bernardino, CA 92410",3:00 PM
2023-05-18,,Rowe Homework Help,"108 E Marshall Blvd, San Bernardino, CA",3:00 PM
2023-05-18,,Villaseñor Family Story Time,"525 N. Mt. Vernon Ave.San Bernardino, CA 92411",4:00 PM
2023-05-20,,Inghram Pre-K Story Time,"1505 W. Highland Ave. San Bernardino, CA 92411",11:00 AM
2023-05-20,Come watch a family-friendly film at the library. ,Feldheym Movie,"555 W Sixth St, San Bernardino, CA 92410, United States",11:00 AM
2023-05-20,Enjoy a family-friendly movie at the library.,Villaseñor Movies at the Library,"525 N. Mt. Vernon Ave.San Bernardino, CA 92411",12:00 PM
2023-05-22,,Citizenship Class Feldheym,"555 W Sixth St, San Bernardino, CA 92410, United States",1:00 PM
2023-05-22,,Rowe Homework Help,"108 E Marshall Blvd, San Bernardino, CA",4:00 PM
2023-05-22,,Villaseñor Homework Help,"525 N. Mt. Vernon Ave.San Bernardino, CA 92411",4:00 PM
2023-05-22,,Villaseñor Bingo,"525 N. Mt. Vernon Ave.San Bernardino, CA 92411",6:00 PM
2023-05-23,,Feldheym Conversation Class,"555 West 6th Street, San Bernardino, CA 92410",2:30 PM
2023-05-23,,Inghram Homework Help,"1505 W Highland Ave, San Bernardino, CA 92411",4:00 PM
2023-05-23,,Rowe Homework Help,"108 E Marshall Blvd, San Bernardino, CA",4:00 PM
2023-05-23,,Villaseñor Homework Help,"525 N. Mt. Vernon Ave.San Bernardino, CA 92411",4:00 PM
2023-05-23,Create something cute every week with Ms. Kat. ,Feldheym Arts and Crafts,"555 West 6th Street, San Bernardino, CA 92410",5:00 PM
2023-05-24,,Villaseñor Pre-K Story Time,"525 N. Mt. Vernon Ave.San Bernardino, CA 92411",11:30 AM
2023-05-24,,Rowe Homework Help,"108 E Marshall Blvd, San Bernardino, CA",3:00 PM
2023-05-24,,Feldheym Homework Help,"555 W Sixth St, San Bernardino, CA 92410",3:00 PM
2023-05-25,,Feldheym Computer Class,"555 West 6th Street, San Bernardino, CA 92410",10:00 AM
2023-05-25,,Feldheym Story Time,"555 West 6th Street, San Bernardino, CA 92410",10:30 AM
2023-05-25,,Rowe Pre-K Story Time,"108 E. Marshall Blvd.San Bernardino, CA 92404",10:30 AM
2023-05-25,,Feldheym Homework Help,"555 W Sixth St, San Bernardino, CA 92410",3:00 PM
2023-05-25,,Rowe Homework Help,"108 E Marshall Blvd, San Bernardino, CA",3:00 PM
2023-05-25,,Villaseñor Family Story Time,"525 N. Mt. Vernon Ave.San Bernardino, CA 92411",4:00 PM
2023-05-27,,Inghram Pre-K Story Time,"1505 W. Highland Ave. San Bernardino, CA 92411",11:00 AM
2023-05-27,Come watch a family-friendly film at the library. ,Feldheym Movie,"555 W Sixth St, San Bernardino, CA 92410, United States",11:00 AM
2023-05-27,Enjoy a family-friendly movie at the library.,Villaseñor Movies at the Library,"525 N. Mt. Vernon Ave.San Bernardino, CA 92411",12:00 PM
2023-05-29,,Citizenship Class Feldheym,"555 W Sixth St, San Bernardino, CA 92410, United States",1:00 PM
2023-05-29,,Rowe Homework Help,"108 E Marshall Blvd, San Bernardino, CA",4:00 PM
2023-05-29,,Villaseñor Homework Help,"525 N. Mt. Vernon Ave.San Bernardino, CA 92411",4:00 PM
2023-05-29,,Villaseñor Bingo,"525 N. Mt. Vernon Ave.San Bernardino, CA 92411",6:00 PM
2023-05-30,,Feldheym Conversation Class,"555 West 6th Street, San Bernardino, CA 92410",2:30 PM
2023-05-30,,Inghram Homework Help,"1505 W Highland Ave, San Bernardino, CA 92411",4:00 PM
2023-05-30,,Rowe Homework Help,"108 E Marshall Blvd, San Bernardino, CA",4:00 PM
2023-05-30,,Villaseñor Homework Help,"525 N. Mt. Vernon Ave.San Bernardino, CA 92411",4:00 PM
2023-05-31,,Villaseñor Pre-K Story Time,"525 N. Mt. Vernon Ave.San Bernardino, CA 92411",11:30 AM
2023-05-31,,Rowe Homework Help,"108 E Marshall Blvd, San Bernardino, CA",3:00 PM
2023-05-31,,Feldheym Homework Help,"555 W Sixth St, San Bernardino, CA 92410",3:00 PM
2023-06-01,,Feldheym Computer Class,"555 West 6th Street, San Bernardino, CA 92410",10:00 AM
2023-06-01,,Feldheym Story Time,"555 West 6th Street, San Bernardino, CA 92410",10:30 AM
2023-06-01,,Rowe Pre-K Story Time,"108 E. Marshall Blvd.San Bernardino, CA 92404",10:30 AM
2023-06-01,,Feldheym Homework Help,"555 W Sixth St, San Bernardino, CA 92410",3:00 PM
2023-06-01,,Rowe Homework Help,"108 E Marshall Blvd, San Bernardino, CA",3:00 PM
2023-06-01,,Villaseñor Family Story Time,"525 N. Mt. Vernon Ave.San Bernardino, CA 92411",4:00 PM
2023-06-03,,Inghram Pre-K Story Time,"1505 W. Highland Ave. San Bernardino, CA 92411",11:00 AM
2023-06-03,Come watch a family-friendly film at the library. ,Feldheym Movie,"555 W Sixth St, San Bernardino, CA 92410, United States",11:00 AM
2023-06-03,Enjoy a family-friendly movie at the library.,Villaseñor Movies at the Library,"525 N. Mt. Vernon Ave.San Bernardino, CA 92411",12:00 PM
2023-06-05,,Citizenship Class Feldheym,"555 W Sixth St, San Bernardino, CA 92410, United States",1:00 PM
2023-06-05,,Rowe Homework Help,"108 E Marshall Blvd, San Bernardino, CA",4:00 PM
2023-06-05,,Villaseñor Homework Help,"525 N. Mt. Vernon Ave.San Bernardino, CA 92411",4:00 PM
2023-06-05,,Villaseñor Bingo,"525 N. Mt. Vernon Ave.San Bernardino, CA 92411",6:00 PM
2023-06-06,,Feldheym Conversation Class,"555 West 6th Street, San Bernardino, CA 92410",2:30 PM
2023-06-06,,Inghram Homework Help,"1505 W Highland Ave, San Bernardino, CA 92411",4:00 PM
2023-06-06,,Rowe Homework Help,"108 E Marshall Blvd, San Bernardino, CA",4:00 PM
2023-06-06,,Villaseñor Homework Help,"525 N. Mt. Vernon Ave.San Bernardino, CA 92411",4:00 PM
2023-06-07,,Villaseñor Pre-K Story Time,"525 N. Mt. Vernon Ave.San Bernardino, CA 92411",11:30 AM
2023-06-07,,Rowe Homework Help,"108 E Marshall Blvd, San Bernardino, CA",3:00 PM
2023-06-07,,Feldheym Homework Help,"555 W Sixth St, San Bernardino, CA 92410",3:00 PM
2023-06-08,,Feldheym Computer Class,"555 West 6th Street, San Bernardino, CA 92410",10:00 AM
2023-06-08,,Feldheym Story Time,"555 West 6th Street, San Bernardino, CA 92410",10:30 AM
2023-06-08,,Rowe Pre-K Story Time,"108 E. Marshall Blvd.San Bernardino, CA 92404",10:30 AM
2023-06-08,,Feldheym Homework Help,"555 W Sixth St, San Bernardino, CA 92410",3:00 PM
2023-06-08,,Rowe Homework Help,"108 E Marshall Blvd, San Bernardino, CA",3:00 PM
2023-06-08,,Villaseñor Family Story Time,"525 N. Mt. Vernon Ave.San Bernardino, CA 92411",4:00 PM
2023-06-10,,Inghram Pre-K Story Time,"1505 W. Highland Ave. San Bernardino, CA 92411",11:00 AM
2023-06-10,Come watch a family-friendly film at the library. ,Feldheym Movie,"555 W Sixth St, San Bernardino, CA 92410, United States",11:00 AM
2023-06-10,Enjoy a family-friendly movie at the library.,Villaseñor Movies at the Library,"525 N. Mt. Vernon Ave.San Bernardino, CA 92411",12:00 PM
2023-06-12,,Citizenship Class Feldheym,"555 W Sixth St, San Bernardino, CA 92410, United States",1:00 PM
2023-06-12,,Rowe Homework Help,"108 E Marshall Blvd, San Bernardino, CA",4:00 PM
2023-06-12,,Villaseñor Homework Help,"525 N. Mt. Vernon Ave.San Bernardino, CA 92411",4:00 PM
2023-06-12,,Villaseñor Bingo,"525 N. Mt. Vernon Ave.San Bernardino, CA 92411",6:00 PM
2023-06-13,,Feldheym Conversation Class,"555 West 6th Street, San Bernardino, CA 92410",2:30 PM
2023-06-13,,Inghram Homework Help,"1505 W Highland Ave, San Bernardino, CA 92411",4:00 PM
2023-06-13,,Rowe Homework Help,"108 E Marshall Blvd, San Bernardino, CA",4:00 PM
2023-06-13,,Villaseñor Homework Help,"525 N. Mt. Vernon Ave.San Bernardino, CA 92411",4:00 PM
2023-06-13,Create something cute every week with Ms. Kat. ,Feldheym Arts and Crafts,"555 West 6th Street, San Bernardino, CA 92410",5:00 PM
2023-06-14,,Villaseñor Pre-K Story Time,"525 N. Mt. Vernon Ave.San Bernardino, CA 92411",11:30 AM
2023-06-14,,Rowe Homework Help,"108 E Marshall Blvd, San Bernardino, CA",3:00 PM
2023-06-14,,Feldheym Homework Help,"555 W Sixth St, San Bernardino, CA 92410",3:00 PM
2023-06-15,,Feldheym Computer Class,"555 West 6th Street, San Bernardino, CA 92410",10:00 AM
2023-06-15,,Feldheym Story Time,"555 West 6th Street, San Bernardino, CA 92410",10:30 AM
2023-06-15,,Rowe Pre-K Story Time,"108 E. Marshall Blvd.San Bernardino, CA 92404",10:30 AM
2023-06-15,,Feldheym Homework Help,"555 W Sixth St, San Bernardino, CA 92410",3:00 PM
2023-06-15,,Rowe Homework Help,"108 E Marshall Blvd, San Bernardino, CA",3:00 PM
2023-06-15,,Villaseñor Family Story Time,"525 N. Mt. Vernon Ave.San Bernardino, CA 92411",4:00 PM
2023-06-17,,Inghram Pre-K Story Time,"1505 W. Highland Ave. San Bernardino, CA 92411",11:00 AM
2023-06-17,Come watch a family-friendly film at the library. ,Feldheym Movie,"555 W Sixth St, San Bernardino, CA 92410, United States",11:00 AM
2023-06-17,Enjoy a family-friendly movie at the library.,Villaseñor Movies at the Library,"525 N. Mt. Vernon Ave.San Bernardino, CA 92411",12:00 PM
2023-06-19,,Citizenship Class Feldheym,"555 W Sixth St, San Bernardino, CA 92410, United States",1:00 PM
2023-06-19,,Rowe Homework Help,"108 E Marshall Blvd, San Bernardino, CA",4:00 PM
2023-06-19,,Villaseñor Homework Help,"525 N. Mt. Vernon Ave.San Bernardino, CA 92411",4:00 PM
2023-06-19,,Villaseñor Bingo,"525 N. Mt. Vernon Ave.San Bernardino, CA 92411",6:00 PM
2023-06-20,,Feldheym Conversation Class,"555 West 6th Street, San Bernardino, CA 92410",2:30 PM
2023-06-20,,Inghram Homework Help,"1505 W Highland Ave, San Bernardino, CA 92411",4:00 PM
2023-06-20,,Rowe Homework Help,"108 E Marshall Blvd, San Bernardino, CA",4:00 PM
2023-06-20,,Villaseñor Homework Help,"525 N. Mt. Vernon Ave.San Bernardino, CA 92411",4:00 PM
2023-06-20,,Feldheym Family Bingo,"555 W Sixth St, San Bernardino, CA 92410, United States",5:00 PM
2023-06-21,,Villaseñor Pre-K Story Time,"525 N. Mt. Vernon Ave.San Bernardino, CA 92411",11:30 AM
2023-06-21,,Rowe Homework Help,"108 E Marshall Blvd, San Bernardino, CA",3:00 PM
2023-06-21,,Feldheym Homework Help,"555 W Sixth St, San Bernardino, CA 92410",3:00 PM
2023-06-22,,Feldheym Computer Class,"555 West 6th Street, San Bernardino, CA 92410",10:00 AM
2023-06-22,,Feldheym Story Time,"555 West 6th Street, San Bernardino, CA 92410",10:30 AM
2023-06-22,,Rowe Pre-K Story Time,"108 E. Marshall Blvd.San Bernardino, CA 92404",10:30 AM
2023-06-22,,Feldheym Homework Help,"555 W Sixth St, San Bernardino, CA 92410",3:00 PM
2023-06-22,,Rowe Homework Help,"108 E Marshall Blvd, San Bernardino, CA",3:00 PM
2023-06-22,,Villaseñor Family Story Time,"525 N. Mt. Vernon Ave.San Bernardino, CA 92411",4:00 PM
2023-06-24,,Inghram Pre-K Story Time,"1505 W. Highland Ave. San Bernardino, CA 92411",11:00 AM
2023-06-24,Come watch a family-friendly film at the library. ,Feldheym Movie,"555 W Sixth St, San Bernardino, CA 92410, United States",11:00 AM
2023-06-24,Enjoy a family-friendly movie at the library.,Villaseñor Movies at the Library,"525 N. Mt. Vernon Ave.San Bernardino, CA 92411",12:00 PM
2023-06-26,,Citizenship Class Feldheym,"555 W Sixth St, San Bernardino, CA 92410, United States",1:00 PM
2023-06-26,,Rowe Homework Help,"108 E Marshall Blvd, San Bernardino, CA",4:00 PM
2023-06-26,,Villaseñor Homework Help,"525 N. Mt. Vernon Ave.San Bernardino, CA 92411",4:00 PM
2023-06-26,,Villaseñor Bingo,"525 N. Mt. Vernon Ave.San Bernardino, CA 92411",6:00 PM
2023-06-27,,Feldheym Conversation Class,"555 West 6th Street, San Bernardino, CA 92410",2:30 PM
2023-06-27,,Inghram Homework Help,"1505 W Highland Ave, San Bernardino, CA 92411",4:00 PM
2023-06-27,,Rowe Homework Help,"108 E Marshall Blvd, San Bernardino, CA",4:00 PM
2023-06-27,,Villaseñor Homework Help,"525 N. Mt. Vernon Ave.San Bernardino, CA 92411",4:00 PM
2023-06-27,Create something cute every week with Ms. Kat. ,Feldheym Arts and Crafts,"555 West 6th Street, San Bernardino, CA 92410",5:00 PM
2023-06-28,,Villaseñor Pre-K Story Time,"525 N. Mt. Vernon Ave.San Bernardino, CA 92411",11:30 AM
2023-06-28,,Rowe Homework Help,"108 E Marshall Blvd, San Bernardino, CA",3:00 PM
2023-06-28,,Feldheym Homework Help,"555 W Sixth St, San Bernardino, CA 92410",3:00 PM
2023-06-29,,Feldheym Computer Class,"555 West 6th Street, San Bernardino, CA 92410",10:00 AM
2023-06-29,,Feldheym Story Time,"555 West 6th Street, San Bernardino, CA 92410",10:30 AM
2023-06-29,,Rowe Pre-K Story Time,"108 E. Marshall Blvd.San Bernardino, CA 92404",10:30 AM
2023-06-29,,Feldheym Homework Help,"555 W Sixth St, San Bernardino, CA 92410",3:00 PM
2023-06-29,,Rowe Homework Help,"108 E Marshall Blvd, San Bernardino, CA",3:00 PM
2023-06-29,,Villaseñor Family Story Time,"525 N. Mt. Vernon Ave.San Bernardino, CA 92411",4:00 PM
